USE master
IF EXISTS(select * from sys.databases where name='BDPlanCadreV2')
DROP DATABASE BDPlanCadreV2
GO

CREATE DATABASE BDPlanCadreV2
GO

USE BDPlanCadreV2
GO

-- --------------------------
/****** Object:  Table [dbo].[__MigrationHistory]    Script Date: 2017-09-12 10:19:48 ******/
SET ANSI_NULLS ON
GO
SET QUOTED_IDENTIFIER ON
GO
CREATE TABLE [dbo].[__MigrationHistory](
        [MigrationId] [nvarchar](150) NOT NULL,
        [ContextKey] [nvarchar](300) NOT NULL,
        [Model] [varbinary](max) NOT NULL,
        [ProductVersion] [nvarchar](32) NOT NULL,
 CONSTRAINT [PK_dbo.__MigrationHistory] PRIMARY KEY CLUSTERED 
(
        [MigrationId] ASC,
        [ContextKey] ASC
)WITH (PAD_INDEX = OFF, STATISTICS_NORECOMPUTE = OFF, IGNORE_DUP_KEY = OFF, ALLOW_ROW_LOCKS = ON, ALLOW_PAGE_LOCKS = ON) ON [PRIMARY]
) ON [PRIMARY] TEXTIMAGE_ON [PRIMARY]

GO
/****** Object:  Table [dbo].[AspNetRoles]    Script Date: 2017-09-12 10:19:48 ******/
SET ANSI_NULLS ON
GO
SET QUOTED_IDENTIFIER ON
GO
CREATE TABLE [dbo].[AspNetRoles](
        [Id] [nvarchar](128) NOT NULL,
        [Name] [nvarchar](256) NOT NULL,
 CONSTRAINT [PK_dbo.AspNetRoles] PRIMARY KEY CLUSTERED 
(
        [Id] ASC
)WITH (PAD_INDEX = OFF, STATISTICS_NORECOMPUTE = OFF, IGNORE_DUP_KEY = OFF, ALLOW_ROW_LOCKS = ON, ALLOW_PAGE_LOCKS = ON) ON [PRIMARY]
) ON [PRIMARY]

GO
/****** Object:  Table [dbo].[AspNetUserClaims]    Script Date: 2017-09-12 10:19:48 ******/
SET ANSI_NULLS ON
GO
SET QUOTED_IDENTIFIER ON
GO
CREATE TABLE [dbo].[AspNetUserClaims](
        [Id] [int] IDENTITY(1,1) NOT NULL,
        [UserId] [nvarchar](128) NOT NULL,
        [ClaimType] [nvarchar](max) NULL,
        [ClaimValue] [nvarchar](max) NULL,
 CONSTRAINT [PK_dbo.AspNetUserClaims] PRIMARY KEY CLUSTERED 
(
        [Id] ASC
)WITH (PAD_INDEX = OFF, STATISTICS_NORECOMPUTE = OFF, IGNORE_DUP_KEY = OFF, ALLOW_ROW_LOCKS = ON, ALLOW_PAGE_LOCKS = ON) ON [PRIMARY]
) ON [PRIMARY] TEXTIMAGE_ON [PRIMARY]

GO
/****** Object:  Table [dbo].[AspNetUserLogins]    Script Date: 2017-09-12 10:19:48 ******/
SET ANSI_NULLS ON
GO
SET QUOTED_IDENTIFIER ON
GO
CREATE TABLE [dbo].[AspNetUserLogins](
        [LoginProvider] [nvarchar](128) NOT NULL,
        [ProviderKey] [nvarchar](128) NOT NULL,
        [UserId] [nvarchar](128) NOT NULL,
 CONSTRAINT [PK_dbo.AspNetUserLogins] PRIMARY KEY CLUSTERED 
(
        [LoginProvider] ASC,
        [ProviderKey] ASC,
        [UserId] ASC
)WITH (PAD_INDEX = OFF, STATISTICS_NORECOMPUTE = OFF, IGNORE_DUP_KEY = OFF, ALLOW_ROW_LOCKS = ON, ALLOW_PAGE_LOCKS = ON) ON [PRIMARY]
) ON [PRIMARY]

GO
/****** Object:  Table [dbo].[AspNetUserRoles]    Script Date: 2017-09-12 10:19:48 ******/
SET ANSI_NULLS ON
GO
SET QUOTED_IDENTIFIER ON
GO
CREATE TABLE [dbo].[AspNetUserRoles](
        [UserId] [nvarchar](128) NOT NULL,
        [RoleId] [nvarchar](128) NOT NULL,
 CONSTRAINT [PK_dbo.AspNetUserRoles] PRIMARY KEY CLUSTERED 
(
        [UserId] ASC,
        [RoleId] ASC
)WITH (PAD_INDEX = OFF, STATISTICS_NORECOMPUTE = OFF, IGNORE_DUP_KEY = OFF, ALLOW_ROW_LOCKS = ON, ALLOW_PAGE_LOCKS = ON) ON [PRIMARY]
) ON [PRIMARY]

GO
/****** Object:  Table [dbo].[AspNetUsers]    Script Date: 2017-09-12 10:19:48 ******/
SET ANSI_NULLS ON
GO
SET QUOTED_IDENTIFIER ON
GO
CREATE TABLE [dbo].[AspNetUsers](
        [Id] [nvarchar](128) NOT NULL,
        [Email] [nvarchar](256) NULL,
        [EmailConfirmed] [bit] NOT NULL,
        [PasswordHash] [nvarchar](max) NULL,
        [SecurityStamp] [nvarchar](max) NULL,
        [PhoneNumber] [nvarchar](max) NULL,
        [PhoneNumberConfirmed] [bit] NOT NULL,
        [TwoFactorEnabled] [bit] NOT NULL,
        [LockoutEndDateUtc] [datetime] NULL,
        [LockoutEnabled] [bit] NOT NULL,
        [AccessFailedCount] [int] NOT NULL,
        [UserName] [nvarchar](256) NOT NULL,
 CONSTRAINT [PK_dbo.AspNetUsers] PRIMARY KEY CLUSTERED 
(
        [Id] ASC
)WITH (PAD_INDEX = OFF, STATISTICS_NORECOMPUTE = OFF, IGNORE_DUP_KEY = OFF, ALLOW_ROW_LOCKS = ON, ALLOW_PAGE_LOCKS = ON) ON [PRIMARY]
) ON [PRIMARY] TEXTIMAGE_ON [PRIMARY]

GO
ALTER TABLE [dbo].[AspNetUserClaims]  WITH CHECK ADD  CONSTRAINT [FK_dbo.AspNetUserClaims_dbo.AspNetUsers_UserId] FOREIGN KEY([UserId])
REFERENCES [dbo].[AspNetUsers] ([Id])
ON DELETE CASCADE
GO
ALTER TABLE [dbo].[AspNetUserClaims] CHECK CONSTRAINT [FK_dbo.AspNetUserClaims_dbo.AspNetUsers_UserId]
GO
ALTER TABLE [dbo].[AspNetUserLogins]  WITH CHECK ADD  CONSTRAINT [FK_dbo.AspNetUserLogins_dbo.AspNetUsers_UserId] FOREIGN KEY([UserId])
REFERENCES [dbo].[AspNetUsers] ([Id])
ON DELETE CASCADE
GO
ALTER TABLE [dbo].[AspNetUserLogins] CHECK CONSTRAINT [FK_dbo.AspNetUserLogins_dbo.AspNetUsers_UserId]
GO
ALTER TABLE [dbo].[AspNetUserRoles]  WITH CHECK ADD  CONSTRAINT [FK_dbo.AspNetUserRoles_dbo.AspNetRoles_RoleId] FOREIGN KEY([RoleId])
REFERENCES [dbo].[AspNetRoles] ([Id])
ON DELETE CASCADE
GO
ALTER TABLE [dbo].[AspNetUserRoles] CHECK CONSTRAINT [FK_dbo.AspNetUserRoles_dbo.AspNetRoles_RoleId]
GO
ALTER TABLE [dbo].[AspNetUserRoles]  WITH CHECK ADD  CONSTRAINT [FK_dbo.AspNetUserRoles_dbo.AspNetUsers_UserId] FOREIGN KEY([UserId])
REFERENCES [dbo].[AspNetUsers] ([Id])
ON DELETE CASCADE
GO
ALTER TABLE [dbo].[AspNetUserRoles] CHECK CONSTRAINT [FK_dbo.AspNetUserRoles_dbo.AspNetUsers_UserId]
GO
DELETE FROM AspNetUsers
INSERT [dbo].[AspNetUsers] ([Id], [Email], [EmailConfirmed], [PasswordHash], [SecurityStamp], [PhoneNumber], [PhoneNumberConfirmed], [TwoFactorEnabled], [LockoutEndDateUtc], [LockoutEnabled], [AccessFailedCount], [UserName]) VALUES (N'0c4b02f4-3c62-4030-b8e0-24aac3b87d5d', N'gauca1532715@etu.cegepjonquiere.ca', 0, N'ANbx0N9o/ZTfsvHCw/EvTUMGmHRFyd1EKMhXKFNk5JhLQNI8AWUq+Ho7UZ1q7YlhJg==', N'a06d14fc-8270-42f0-8a0d-8c600b9325cb', NULL, 0, 0, NULL, 1, 0, N'gauca1532715@etu.cegepjonquiere.ca')
INSERT [dbo].[AspNetUsers] ([Id], [Email], [EmailConfirmed], [PasswordHash], [SecurityStamp], [PhoneNumber], [PhoneNumberConfirmed], [TwoFactorEnabled], [LockoutEndDateUtc], [LockoutEnabled], [AccessFailedCount], [UserName]) VALUES (N'1950c7ef-d051-490d-84dc-1e2e8872d660', N'foned1530057@etu.cegepjonquiere.ca', 0, N'ALshSBLXPe+qLlE9k0SDkP2ylyWebaAAR3++HbNeAi6JhqO2qGUUnt0psbWgJ24BXQ==', N'46150be5-20da-448b-9e79-76e82d0806d4', NULL, 0, 0, NULL, 1, 0, N'foned1530057@etu.cegepjonquiere.ca')
INSERT [dbo].[AspNetUsers] ([Id], [Email], [EmailConfirmed], [PasswordHash], [SecurityStamp], [PhoneNumber], [PhoneNumberConfirmed], [TwoFactorEnabled], [LockoutEndDateUtc], [LockoutEnabled], [AccessFailedCount], [UserName]) VALUES (N'4c194a5d-9ec8-4a9c-8994-7f91986cf480', N'larsa1432920@etu.cegepjonquiere.ca', 0, N'AOO/q2oMaxjNYF1sF8H7UMWVYv8vL7R6pOrt80/PVF1Gu1dDVIsGRdVZPk9V5RB/Yw==', N'0ad20b90-7166-4197-a93f-fc6b5e62ce61', NULL, 0, 0, NULL, 1, 0, N'larsa1432920@etu.cegepjonquiere.ca')
INSERT [dbo].[AspNetUsers] ([Id], [Email], [EmailConfirmed], [PasswordHash], [SecurityStamp], [PhoneNumber], [PhoneNumberConfirmed], [TwoFactorEnabled], [LockoutEndDateUtc], [LockoutEnabled], [AccessFailedCount], [UserName]) VALUES (N'ac2682c3-a26b-480a-83ec-b571b309a62a', N'cotfr1530860@etu.cegepjonquiere.ca', 0, N'AHEQtMJyh0h099STis/lvt8St8WZnYrJ/pf9LPIWtNT5GP4WDvgyIY6KJ6orrWt1hA==', N'34ecfb43-c36d-4ba8-9227-9964e95a605b', NULL, 0, 0, NULL, 1, 0, N'cotfr1530860@etu.cegepjonquiere.ca')
INSERT [dbo].[AspNetUsers] ([Id], [Email], [EmailConfirmed], [PasswordHash], [SecurityStamp], [PhoneNumber], [PhoneNumberConfirmed], [TwoFactorEnabled], [LockoutEndDateUtc], [LockoutEnabled], [AccessFailedCount], [UserName]) VALUES (N'de02a4d2-d6b1-4522-839c-342d5e446748', N'ducma1532694@etu.cegepjonquiere.ca', 0, N'AJiirWHrRF0C8skz4jL2mVGQmx41KedxAd8STYZJ0MsdTdA4Q23rpp5s2U8OR7Um9w==', N'bedc7731-2912-4355-8d5b-a4b55a8d8811', NULL, 0, 0, NULL, 1, 0, N'ducma1532694@etu.cegepjonquiere.ca')
INSERT [dbo].[AspNetUsers] ([Id], [Email], [EmailConfirmed], [PasswordHash], [SecurityStamp], [PhoneNumber], [PhoneNumberConfirmed], [TwoFactorEnabled], [LockoutEndDateUtc], [LockoutEnabled], [AccessFailedCount], [UserName]) VALUES (N'efa8d199-9093-4ba5-824f-460ddb3ca4b9', N'hamfa1330387@etu.cegepjonquiere.ca', 0, N'AIKik20IEcYt6I25Tdbz2Ik4ONNx93HAQRY2+WwxWGoA9rI2LU+kLYenFktS8ujcXQ==', N'6973e3b8-1ef4-45b4-80ea-5442a8cd574b', NULL, 0, 0, NULL, 1, 0, N'hamfa1330387@etu.cegepjonquiere.ca')
INSERT [dbo].[AspNetUsers] ([Id], [Email], [EmailConfirmed], [PasswordHash], [SecurityStamp], [PhoneNumber], [PhoneNumberConfirmed], [TwoFactorEnabled], [LockoutEndDateUtc], [LockoutEnabled], [AccessFailedCount], [UserName]) VALUES (N'eb364e3b-b9e5-406b-83eb-b2845acf3202', N'ericchose@outlook.ca', 0, N'ALWEsr41t9MzK/Ug02i2HDaij3MaytU+7/28tPtVYhtS+baXjg8dxZiefmE/SAU3lg==', N'33a123d0-029c-4e16-975e-91c7f64b3b28', NULL, 0, 0, NULL, 1, 0, N'ericchose@outlook.ca')
INSERT [dbo].[AspNetUsers] ([Id], [Email], [EmailConfirmed], [PasswordHash], [SecurityStamp], [PhoneNumber], [PhoneNumberConfirmed], [TwoFactorEnabled], [LockoutEndDateUtc], [LockoutEnabled], [AccessFailedCount], [UserName]) VALUES (N'10a69245-2a83-4923-9482-f55551274033', N'aymentravail@outlook.ca', 0, N'AAHKoJqrLCNgFtvM5FEpS8Xu5OujMBtfbSXDwpVcT5xE+L+zAAFq6x+pAu8kx/9x0Q==', N'81f8bb06-ad14-42bd-92f1-80c2af97c542', NULL, 0, 0, NULL, 1, 0, N'aymentravail@outlook.ca')

DELETE FROM AspNetRoles
INSERT INTO AspNetRoles (id, name) VALUES
(0, 'Admin'),
(1, 'RCP'),
(2, 'Conseiller'),
(3, 'Enseignant'),
(4, 'RCD'),
(5, 'Gestionnaire de stage')
GO

DELETE FROM AspNetUserRoles
INSERT INTO AspNetUserRoles (UserId, RoleId) VALUES
('0c4b02f4-3c62-4030-b8e0-24aac3b87d5d', 0), --CARL
('1950c7ef-d051-490d-84dc-1e2e8872d660', 2), --EDDY
('4c194a5d-9ec8-4a9c-8994-7f91986cf480', 1), --SAM
('ac2682c3-a26b-480a-83ec-b571b309a62a', 3), --FRED
('de02a4d2-d6b1-4522-839c-342d5e446748', 5), --MARCAND
('efa8d199-9093-4ba5-824f-460ddb3ca4b9', 4), --FAB

('eb364e3b-b9e5-406b-83eb-b2845acf3202', 0), --ERIC
('eb364e3b-b9e5-406b-83eb-b2845acf3202', 1),
('eb364e3b-b9e5-406b-83eb-b2845acf3202', 2),
('eb364e3b-b9e5-406b-83eb-b2845acf3202', 3),
('eb364e3b-b9e5-406b-83eb-b2845acf3202', 4),
('eb364e3b-b9e5-406b-83eb-b2845acf3202', 5),

('10a69245-2a83-4923-9482-f55551274033', 1), --AYMEN
('10a69245-2a83-4923-9482-f55551274033', 5)

--select * from AspNetRoles
--select * from AspNetUserClaims
--select * from AspNetUserLogins
--select * from AspNetUserRoles
--select * from AspNetUsers

--USE [BDPlanCadreTEST]
IF OBJECT_ID ('EnonceCompetence') IS NOT NULL
DROP TABLE EnonceCompetence
GO
CREATE TABLE EnonceCompetence
(       
        idCompetence            INT                             NOT NULL        IDENTITY(1,1),

        codeCompetence          VARCHAR(4)              NOT NULL,
        enonceCompetence        VARCHAR(300)    NOT NULL,
        motClef                         VARCHAR(30)             NULL,
        obligatoire                     BIT                             NOT NULL        DEFAULT(1),
        actif                           BIT                             NOT NULL        DEFAULT(1),

        idDevis                         INT                             NOT NULL,       --FK
        
        PRIMARY KEY(idCompetence)
)

IF OBJECT_ID ('ContexteRealisation') IS NOT NULL
DROP TABLE ContexteRealisation
GO
CREATE TABLE ContexteRealisation
(
        idContexte                      INT                             NOT NULL        IDENTITY(1,1),

        contexteRealisation     VARCHAR(300)    NOT NULL,

        idCompetence            INT                             NOT NULL,       --FK

        PRIMARY KEY(idContexte)
)

IF OBJECT_ID ('ElementCompetence') IS NOT NULL
DROP TABLE ElementCompetence
GO
CREATE TABLE ElementCompetence
(
        idElement                       INT                             NOT NULL        IDENTITY(1,1),

        element                         VARCHAR(300)    NOT NULL,
        numero                          INT                             NOT NULL,
        motClef                         VARCHAR(30)             NULL,

        idCompetence            INT                             NOT NULL,       --FK

        PRIMARY KEY (idElement)
)

IF OBJECT_ID ('CriterePerformance') IS NOT NULL
DROP TABLE CriterePerformance
GO
CREATE TABLE CriterePerformance
(
        idCritere                       INT                             NOT NULL        IDENTITY(1,1),

        criterePerformance      VARCHAR(300)    NOT NULL,
        numero                          INT                             NOT NULL,

        idElement                       INT                             NOT NULL,       --FK

        PRIMARY KEY(idCritere)
)
IF OBJECT_ID ('Programme') IS NOT NULL
DROP TABLE Programme
GO
CREATE TABLE DevisMinistere
(
        idDevis                         INT             NOT NULL        IDENTITY(1,1),

        annee                   CHAR(4)         NOT NULL,
        nbUnite                                 VARCHAR(6)      NULL,
        nbHeureFrmGenerale      INT             NULL,
        nbHeureFrmSpecifique    INT             NULL,
        condition               VARCHAR(300)    NULL,
        sanction                VARCHAR(50)     NULL,
        docMinistere                    VARCHAR(200)    NULL,

        codeProgramme                   CHAR(3)         NOT NULL,       --FK

        PRIMARY KEY (idDevis)
);

IF OBJECT_ID ('Programme') IS NOT NULL
DROP TABLE Programme
GO
CREATE TABLE Programme
(
        idProgramme             INT             NOT NULL        IDENTITY(1,1),

        nom                                             VARCHAR(50)     NULL,
                annee                   CHAR(4)         NOT NULL,
                codeSpecialisation      VARCHAR(3)      NOT NULL,
                specialisation                  VARCHAR(30)             NULL,
        dateValidation          DATETIME        NULL,

        idDevis                         INT             NOT NULL,               --FK

        PRIMARY KEY (idProgramme)
);

IF OBJECT_ID ('EnteteProgramme') IS NOT NULL
DROP TABLE EnteteProgramme
GO
CREATE TABLE EnteteProgramme
(
        codeProgramme           CHAR(3)         NOT NULL,
        nom                                 VARCHAR(200)    NOT NULL,

        PRIMARY KEY(codeProgramme)
);
IF OBJECT_ID ('PlanCadre') IS NOT NULL
DROP TABLE PlanCadre
GO
CREATE TABLE PlanCadre
(
    idPlanCadre             INT             NOT NULL        IDENTITY(1,1),

    numeroCours             VARCHAR(10)     NULL,
    titreCours              VARCHAR(150)    NOT NULL,
    prealableAbs            VARCHAR(300)    NULL,
    prealableRel            VARCHAR(300)    NULL,
    indicationPedago        VARCHAR(500)    NULL,
    elementsConnaissance    VARCHAR(500)    NULL,
    activiteApprentissage   VARCHAR(500)    NULL,
    environnementPhys       VARCHAR(300)    NULL,
        ressource               VARCHAR(300)    NULL,
        nbHeureTheorie          INT             NULL,
        nbHeurePratique         INT             NULL,
        nbHeureDevoir           INT             NULL,

    idProgramme                         INT             NOT NULL,       --FK

    PRIMARY KEY(idPlanCadre)
);

IF OBJECT_ID ('PlanCadreElement') IS NOT NULL
DROP TABLE PlanCadreElement
GO
CREATE TABLE PlanCadreElement
(
    idPlanCadreElement      INT             NOT NULL        IDENTITY(1,1),

    idPlanCadre             INT             NOT NULL,       --FK
    idElement               INT             NOT NULL,       --FK
);

IF OBJECT_ID ('PlanCadreEnonce') IS NOT NULL
DROP TABLE PlanCadreEnonce
GO
CREATE TABLE PlanCadreEnonce
(
    idPlanCadreElement      INT             NOT NULL        IDENTITY(1,1),

        ponderationEnHeure      INT             NOT NULL,

    idPlanCadre             INT             NOT NULL,       --FK
    idCompetence                        INT                             NOT NULL,       --FK
);
--Créé par Eddy
--Le 01/11/2017

IF OBJECT_ID ('GrilleCours') IS NOT NULL
DROP TABLE GrilleCours
GO
CREATE TABLE GrilleCours
(
        idGrille                        INT                             NOT NULL        IDENTITY(1,1),

        nom                                     VARCHAR(50)             NOT NULL,

        PRIMARY KEY(idGrille)   
)

IF OBJECT_ID ('Session') IS NOT NULL
DROP TABLE Session
GO
CREATE TABLE Session
(
        idSession                       INT                             NOT NULL        IDENTITY(1,1),

        nom                                     VARCHAR(30)             NOT NULL,

        PRIMARY KEY(idSession)
)

IF OBJECT_ID ('Cours') IS NOT NULL
DROP TABLE Cours
GO
CREATE TABLE Cours
(
        idCours                         INT                             NOT NULL        IDENTITY(1,1),

        idPlanCadre                     INT                             NOT NULL,       --FK
        idGrille                        INT                             NOT NULL,       --FK
        idSession                       INT                             NOT NULL,       --FK

        PRIMARY KEY(idCours)
)
ALTER TABLE EnonceCompetence
ADD FOREIGN KEY(idDevis) REFERENCES DevisMinistere(idDevis)

ALTER TABLE ContexteRealisation
ADD FOREIGN KEY(idCompetence)REFERENCES EnonceCompetence(idCompetence)

ALTER TABLE ElementCompetence
ADD FOREIGN KEY(idCompetence) REFERENCES EnonceCompetence(idCompetence)

ALTER TABLE CriterePerformance
ADD FOREIGN KEY(idElement) REFERENCES ElementCompetence(idElement)
ALTER TABLE DevisMinistere
ADD FOREIGN KEY(codeProgramme) REFERENCES EnteteProgramme(codeProgramme)

ALTER TABLE Programme
ADD FOREIGN KEY(idDevis) REFERENCES DevisMinistere(idDevis)
ALTER TABLE PlanCadre
ADD FOREIGN KEY(idProgramme) REFERENCES Programme(idProgramme)

ALTER TABLE PlanCadreElement
ADD FOREIGN KEY(idPlanCadre) REFERENCES PlanCadre(idPlanCadre)

ALTER TABLE PlanCadreElement
ADD FOREIGN KEY(idElement) REFERENCES ElementCompetence(idElement)

ALTER TABLE PlanCadreEnonce
ADD FOREIGN KEY(idPlanCadre) REFERENCES PlanCadre(idPlanCadre)

ALTER TABLE PlanCadreEnonce
ADD FOREIGN KEY(idCompetence) REFERENCES EnonceCompetence(idCompetence)
--Créé par Eddy
--Le 01/11/2017

ALTER TABLE Cours
ADD FOREIGN KEY(idPlanCadre) REFERENCES PlanCadre(idPlanCadre)

ALTER TABLE Cours
ADD FOREIGN KEY(idGrille) REFERENCES GrilleCours(idGrille)

ALTER TABLE Cours
ADD FOREIGN KEY(idSession) REFERENCES Session(idSession)
